Merge_Request_ID,Merged_At,Merge_Request_Title,Comment_Author,Comment_At,Comment_Body,Commit_Author,Reviewer,Difference
6,2023-05-11T04:17:40.891Z,nike,khyatin,2023-05-11T04:40:39.559Z,thnk you,khyatin,Amartya Jena,"@@ -1,3 +1,4 @@
 first file and fourth change.
 happy day ume tuskishite
-
+paraapapapa
+just do it
"
6,2023-05-11T04:17:40.891Z,nike,Amartya Jena,2023-05-11T04:36:51.448Z,Merged.!!,khyatin,Amartya Jena,"@@ -1,3 +1,4 @@
 first file and fourth change.
 happy day ume tuskishite
-
+paraapapapa
+just do it
"
6,2023-05-11T04:17:40.891Z,nike,Amartya Jena,2023-05-11T04:17:47.719Z,Ready to be merged.,khyatin,Amartya Jena,"@@ -1,3 +1,4 @@
 first file and fourth change.
 happy day ume tuskishite
-
+paraapapapa
+just do it
"
5,2023-05-11T04:09:09.051Z,commit 2 by Amartya,khyatin,2023-05-11T04:08:57.420Z,all good ready to merge,Amartya Jena,khyatin,"@@ -0,0 +1 @@
+This my second File can you please review.
"
4,2023-04-25T04:46:02.510Z,Update file1.txt,khyatin,2023-04-25T04:46:34.951Z,pleaxe approve my commit very impotent change very very big very,khyatin,khyatin,"@@ -1,3 +1,3 @@
 first file and fourth change.
 happy day ume tuskishite
-rest in peace made ikou ze
+
"
3,2023-03-07T04:49:47.060Z,fifth commit,khyatin,2023-03-07T04:49:44.583Z,all good ready to merge,Khyathin Kadam,khyatin,"@@ -0,0 +1 @@
+file2
"
2,2023-03-07T04:36:42.417Z,third commit,khyatin,2023-03-07T04:37:04.706Z,ALL FINE,khyatin,khyatin,"@@ -1 +1 @@
-first file
\ No newline at end of file
+first file and fourth change.
\ No newline at end of file
"
